City_ID,City,Lat,Lng,Max Temp,Humidity,Cloudiness,Wind Speed,Country,Date
0,fort bragg,35.139,-79.006,75.04,81,0,11.5,US,1715304959
1,bilibino,68.0546,166.4372,31.96,87,97,2.51,RU,1715304959
2,port-aux-francais,-49.35,70.2167,43.77,91,100,37.36,TF,1715304959
3,blackmans bay,-43.0167,147.3167,56.73,93,100,1.01,AU,1715304960
4,iqaluit,63.7506,-68.5145,28.13,80,75,8.05,CA,1715304960
5,pisco,-13.7,-76.2167,69.03,77,0,3.44,PE,1715304842
6,avarua,-21.2078,-159.775,82.45,83,20,10.36,CK,1715304960
7,enterprise,36.0252,-115.2419,78.17,18,20,12.66,US,1715304961
8,alo,7.4178,6.7371,79.59,87,100,5.06,NG,1715304961
9,haapsalu,58.9431,23.5414,45.99,86,100,6.11,EE,1715304961
10,puerto ayora,-0.7393,-90.3518,73.54,98,47,6.93,EC,1715304891
11,new norfolk,-42.7826,147.0587,57.92,82,99,2.53,AU,1715304962
12,port mathurin,-19.6833,63.4167,77.61,73,100,24.54,MU,1715304962
13,waitangi,-43.9535,-176.5597,50.83,80,77,3.0,NZ,1715304962
14,grytviken,-54.2811,-36.5092,31.62,90,100,4.14,GS,1715304963
15,tsumeb,-19.2333,17.7167,63.9,30,0,8.9,,1715304963
16,six-fours-les-plages,43.0938,5.84,62.46,61,0,6.85,FR,1715304963
17,broome,42.2506,-75.833,55.78,80,100,1.99,US,1715304963
18,quiberon,47.4841,-3.1196,56.1,87,100,16.37,FR,1715304964
19,tangalle,6.024,80.7911,78.96,86,100,2.73,LK,1715304964
20,lerwick,60.1545,-1.1494,48.2,92,100,14.16,GB,1715304964
21,bethel,41.3712,-73.414,61.36,72,100,1.01,US,1715304690
22,san antonio de pale,-1.4014,5.6325,80.04,89,100,13.53,GQ,1715304965
23,yellowknife,62.456,-114.3525,59.52,26,20,12.66,CA,1715304965
24,tiksi,71.6872,128.8694,27.91,90,100,4.99,RU,1715304965
25,dongcun,36.7767,121.1597,63.52,66,4,17.63,CN,1715304965
26,afaahiti,-17.75,-149.2833,84.07,76,3,7.9,PF,1715304966
27,adamstown,-25.066,-130.1015,72.3,76,93,10.2,PN,1715304966
28,georgetown,5.4112,100.3354,85.93,83,20,3.44,MY,1715304927
29,montepuez,-13.1256,38.9997,62.85,97,1,4.72,MZ,1715304966
30,ust-nera,64.5667,143.2,40.93,72,100,4.03,RU,1715304967
31,bredasdorp,-34.5322,20.0403,50.63,88,0,5.99,ZA,1715304967
32,longyearbyen,78.2186,15.6401,31.84,69,75,19.57,SJ,1715304875
33,edinburgh of the seven seas,-37.0676,-12.3116,55.04,60,100,9.55,SH,1715304967
34,turbat,26.0023,63.044,82.08,68,0,5.48,PK,1715304968
35,albany,42.6001,-73.9662,57.67,59,100,4.09,US,1715304769
36,carnarvon,-24.8667,113.6333,77.76,56,51,4.81,AU,1715304968
37,karratha,-20.7377,116.8463,80.46,27,100,18.63,AU,1715304968
38,magnolia,33.2671,-93.2393,78.49,94,64,5.77,US,1715304968
39,cabedelo,-6.9811,-34.8339,75.87,83,9,10.45,BR,1715304969
40,kundiawa,-6.0167,144.9667,65.73,96,100,0.81,PG,1715304969
41,punta arenas,-53.15,-70.9167,30.31,93,20,6.91,CL,1715304857
42,aykhal,66.0,111.5,18.73,84,100,14.58,RU,1715304970
43,vernon,50.2581,-119.2691,78.22,28,10,1.99,CA,1715304708
44,coari,-4.085,-63.1414,79.32,82,70,3.69,BR,1715304970
45,kruisfontein,-34.0033,24.7314,51.89,88,0,2.35,ZA,1715304970
46,broken hill,-31.95,141.4333,64.26,59,40,11.05,AU,1715304686
47,wailua homesteads,22.0669,-159.378,77.86,74,20,8.05,US,1715304971
48,kodiak,57.79,-152.4072,38.71,87,75,6.91,US,1715304971
49,hawaiian paradise park,19.5933,-154.9731,78.31,83,75,11.5,US,1715304971
50,tromso,69.6496,18.957,35.62,93,75,9.22,NO,1715304972
51,olonkinbyen,70.9221,-8.7187,28.56,77,11,19.1,SJ,1715304972
52,whitehorse,60.7161,-135.0538,53.02,49,75,28.77,CA,1715304972
53,oeiras,-7.0253,-42.1311,74.52,75,13,3.02,BR,1715304972
54,medina,24.4686,39.6142,81.03,21,0,2.3,SA,1715304921
55,amos,48.5669,-78.1162,45.01,62,99,2.48,CA,1715304895
56,port alfred,-33.5906,26.891,63.43,91,32,2.04,ZA,1715304973
57,palikir - national government center,6.9248,158.1611,85.05,74,100,10.36,FM,1715304974
58,haiku-pauwela,20.9219,-156.3051,78.22,84,75,18.41,US,1715304974
59,dudinka,69.4058,86.1778,13.68,93,41,5.99,RU,1715304974
60,filingue,14.3521,3.3168,91.2,33,87,10.69,NE,1715304974
61,batang,-6.4846,110.7083,86.97,63,6,4.07,ID,1715304975
62,papatowai,-46.5619,169.4708,46.6,83,100,13.02,NZ,1715304975
63,ushuaia,-54.8,-68.3,35.26,69,0,17.27,AR,1715304764
64,la ronge,55.1001,-105.2842,64.65,24,75,13.8,CA,1715304976
65,poso,-1.3959,120.7524,86.13,66,54,2.86,ID,1715304976
66,polyarnyy,69.1989,33.4478,29.62,86,100,12.06,RU,1715304977
67,sena madureira,-9.0656,-68.6569,80.44,76,94,2.55,BR,1715304977
68,esil,51.9556,66.4042,47.89,67,67,7.94,KZ,1715304977
69,muroto-misakicho,33.2833,134.15,63.95,59,0,7.7,JP,1715304978
70,farmville,37.3021,-78.3919,70.52,88,0,3.44,US,1715304978
71,aasiaat,68.7098,-52.8699,10.96,91,83,3.18,GL,1715304978
72,nar'yan-mar,67.6713,53.087,29.1,95,100,25.99,RU,1715304978
73,oberlin,41.2939,-82.2174,52.48,89,100,13.8,US,1715304978
74,tamarin,-20.3256,57.3706,75.76,89,7,17.87,MU,1715304979
75,ribeira grande,38.5167,-28.7,63.77,91,25,8.99,PT,1715304979
76,lebedyan',53.0194,39.1664,35.6,69,7,8.68,RU,1715304979
77,vorgashor,67.5833,63.95,27.81,74,100,19.13,RU,1715304979
78,nuuk,64.1835,-51.7216,32.61,93,11,9.22,GL,1715304980
79,lensk,60.7253,114.9278,39.09,56,100,4.94,RU,1715304912
80,susuman,62.7833,148.1667,36.99,68,99,4.0,RU,1715304980
81,mentekab,3.4854,102.3484,82.94,96,83,3.0,MY,1715304980
82,tralee,52.2704,-9.7026,49.03,89,97,5.03,IE,1715304981
83,vrangel',42.7297,133.0839,52.66,66,100,10.36,RU,1715304981
84,borogontsy,62.6683,131.1683,34.93,52,100,6.76,RU,1715304981
85,kone,-21.0595,164.8658,80.83,42,42,10.89,NC,1715304982
86,port elizabeth,-33.918,25.5701,59.31,96,75,10.36,ZA,1715304982
87,la sarre,48.8002,-79.1996,44.51,58,7,6.67,CA,1715304982
88,invercargill,-46.4,168.35,49.01,75,100,11.99,NZ,1715304982
89,kapuskasing,49.4169,-82.4331,53.69,43,20,5.75,CA,1715304782
90,kahriz,34.3838,47.0553,44.67,87,0,0.0,IR,1715304983
91,touros,-5.1989,-35.4608,77.23,92,58,8.39,BR,1715304983
92,hithadhoo,-0.6,73.0833,84.42,76,17,9.26,MV,1715304983
93,west bay,19.3667,-81.4167,84.27,78,20,6.91,KY,1715304984
94,utrik,11.2278,169.8474,81.09,81,78,19.37,MH,1715304984
95,santa cruz,-17.8,-63.1667,63.86,94,45,0.0,BO,1715304841
96,thompson,55.7435,-97.8558,50.16,87,75,2.3,CA,1715304985
97,armacao de buzios,-22.7469,-41.8817,77.05,91,9,10.2,BR,1715304922
98,san carlos de bariloche,-41.1456,-71.3082,37.15,81,75,4.61,AR,1715304985
99,bardai,11.65,7.2333,83.12,50,100,7.72,NG,1715304986
100,colonia,50.9333,6.95,53.19,87,0,4.61,DE,1715304798
101,puerto madryn,-42.7692,-65.0385,49.91,56,2,0.09,AR,1715304710
102,hirara,24.8,125.2833,78.66,64,75,6.91,JP,1715304986
103,mil'kovo,55.6078,37.7956,35.98,63,36,9.69,RU,1715304987
104,bialobrzegi,51.6469,20.9504,48.22,78,48,5.08,PL,1715304987
105,tazovsky,67.4667,78.7,28.56,88,99,18.25,RU,1715304987
106,garachico,28.7781,-17.7646,64.51,77,0,12.66,ES,1715304988
107,cannonvale,-20.2833,148.7,74.59,71,100,17.36,AU,1715304988
108,atafu village,-8.5421,-172.5159,84.88,71,90,2.86,TK,1715304988
109,qui nhon,13.7667,109.2333,85.01,67,100,5.1,VN,1715304989
110,wynyard,-41.0,145.7167,61.32,67,100,14.0,AU,1715304989
111,tobelo,1.7284,128.0095,82.92,79,100,3.53,ID,1715304989
112,gamba,-2.65,10.0,77.54,90,100,3.42,GA,1715304989
113,constantia,44.1833,28.65,48.88,84,24,12.8,RO,1715304733
114,puerto natales,-51.7236,-72.4875,28.72,95,63,3.24,CL,1715304990
115,lethem,3.3803,-59.7968,77.29,91,100,6.8,GY,1715304990
116,west island,-12.1568,96.8225,80.58,78,40,19.57,CC,1715304990
117,chibuto,-24.6867,33.5306,61.21,96,0,5.28,MZ,1715304991
118,colesberg,-30.72,25.0972,64.17,37,76,6.6,ZA,1715304991
119,chibougamau,49.9168,-74.3659,42.42,70,0,0.0,CA,1715304739
120,margaret river,-33.95,115.0667,68.09,79,100,18.05,AU,1715304991
121,kudahuvadhoo,2.6708,72.8944,84.97,75,76,11.5,MV,1715304992
122,college,64.8569,-147.8028,55.38,45,75,11.5,US,1715304992
123,isafjordur,66.0755,-23.124,35.94,80,99,1.97,IS,1715304992
124,ancud,-41.8697,-73.8203,47.89,80,79,7.36,CL,1715304992
125,idri,27.5,13.2667,68.9,29,0,13.22,LY,1715304993
126,sitka,57.0531,-135.33,51.69,82,100,24.16,US,1715304993
127,ruteng,-8.6136,120.4721,77.22,62,18,1.07,ID,1715304993
128,urangan,-25.3,152.9,76.19,68,57,8.99,AU,1715304993
129,tsiombe,-25.3,45.4833,66.94,82,0,4.34,MG,1715304994
130,pangody,65.85,74.4859,33.98,98,100,26.11,RU,1715304994
131,luba,3.4568,8.5547,78.69,82,100,5.99,GQ,1715304994
132,saint-philippe,-21.3585,55.7679,74.79,72,72,13.04,RE,1715304994
133,qaqortoq,60.7167,-46.0333,34.29,75,100,1.81,GL,1715304995
134,uturoa,-16.7333,-151.4333,82.33,69,17,9.08,PF,1715304995
135,nagqu,31.5,92.0,35.02,42,100,6.33,CN,1715304995
136,fale old settlement,-9.3852,-171.2468,84.7,71,100,3.98,TK,1715304995
137,san juan,-31.5375,-68.5364,54.88,29,97,2.93,AR,1715304973
138,salahonda,2.1019,-78.7217,81.07,81,98,6.31,CO,1715304996
139,trinity beach,-16.7888,145.6968,83.01,89,75,10.36,AU,1715304996
140,keflavik,64.0049,-22.5624,45.03,76,0,11.5,IS,1715304996
141,arraial do cabo,-22.9661,-42.0278,75.07,90,9,9.15,BR,1715304996
142,palmas,-10.2128,-48.3603,80.47,74,0,4.61,BR,1715304997
143,wamba,8.9333,8.6,81.27,66,100,2.44,NG,1715304997
144,kingston,17.997,-76.7936,85.15,74,40,13.8,JM,1715304532
145,sidrolandia,-20.9319,-54.9614,73.94,61,3,2.24,BR,1715304997
146,cudillero,43.5622,-6.1459,57.22,94,80,3.44,ES,1715304998
147,barra de santo antonio,-9.4047,-35.5072,78.08,77,83,10.6,BR,1715304998
148,menongue,-14.6585,17.691,56.32,43,5,4.74,AO,1715304998
149,vredendal,-31.6683,18.5012,50.27,94,0,2.75,ZA,1715304998
150,boende,-0.2167,20.8667,71.58,97,100,0.29,CD,1715304999
151,queenstown,-31.8976,26.8753,63.28,42,24,6.62,ZA,1715304999
152,forster,-32.1667,152.5167,67.37,81,84,7.09,AU,1715304999
153,al ghayzah,16.2079,52.176,84.72,77,24,6.82,YE,1715304999
154,vila franca do campo,37.7167,-25.4333,59.41,87,18,3.4,PT,1715305000
155,otofuke,42.9917,143.2003,59.95,52,45,15.39,JP,1715305000
156,anadyr,64.75,177.4833,25.3,68,75,4.47,RU,1715305000
157,hasaki,35.7333,140.8333,70.29,34,0,11.48,JP,1715305001
158,hamilton,39.1834,-84.5333,61.75,93,100,10.36,US,1715304894
159,tolanaro,-25.0319,46.9987,75.27,78,20,20.71,MG,1715305001
160,coahuayana de hidalgo,18.7,-103.6583,72.19,83,29,2.57,MX,1715305001
161,lepsy,46.235,78.9456,76.42,28,61,4.9,KZ,1715305002
162,dwarka,22.2394,68.9678,82.6,81,0,10.11,IN,1715305002
163,palmer,42.1584,-72.3287,60.96,64,75,9.22,US,1715305002
164,bukama,-9.2,25.85,65.77,67,86,3.18,CD,1715305003
165,motygino,58.1831,94.7592,42.78,71,100,3.0,RU,1715305003
166,mezhdurechenskiy,59.6,65.9333,37.2,67,3,9.48,RU,1715305003
167,bandarbeyla,9.4942,50.8122,83.12,77,92,6.2,SO,1715305003
168,alice springs,-23.7,133.8833,63.95,68,100,14.97,AU,1715305004
169,ilulissat,69.2167,-51.1,23.02,80,58,2.3,GL,1715305004
170,katsuura,35.1333,140.3,63.84,44,0,9.31,JP,1715305004
171,calama,-22.4667,-68.9333,59.49,21,0,6.91,CL,1715304881
172,naliya,23.2667,68.8333,82.31,75,0,11.27,IN,1715305005
173,karagandy,49.8019,73.1021,55.35,64,100,8.1,KZ,1715305005
174,greymouth,-42.4667,171.2,55.11,48,0,2.28,NZ,1715305005
175,yichang,30.7144,111.2847,78.01,59,99,4.21,CN,1715305005
176,hit,33.6416,42.8251,73.49,33,43,8.84,IQ,1715305006
177,acarau,-2.8856,-40.12,79.43,87,100,8.03,BR,1715305006
178,doka,13.5167,35.7667,84.22,15,76,6.91,SD,1715305006
179,alesund,62.4723,6.1549,42.75,87,59,8.05,NO,1715305006
180,goz beida,13.95,20.55,86.4,14,99,6.87,TD,1715305007
181,smithers,54.7804,-127.1743,71.92,28,20,10.36,CA,1715305007
182,remire-montjoly,4.9167,-52.2667,77.04,100,75,2.3,GF,1715305007
183,jamestown,42.097,-79.2353,54.99,88,100,6.91,US,1715305006
184,pailitas,8.9565,-73.6255,76.1,97,100,2.55,CO,1715305008
185,yanchep,-31.55,115.6833,77.13,74,88,12.39,AU,1715305008
186,kaa-khem,51.6833,94.7333,50.41,35,100,3.31,RU,1715305008
187,hermanus,-34.4187,19.2345,55.29,78,0,8.1,ZA,1715305008
188,vadso,70.0744,29.7487,30.36,80,100,9.22,NO,1715305009
189,santa ana,33.7456,-117.8678,75.25,70,40,12.66,US,1715304749
190,lazaro cardenas,17.9583,-102.2,75.81,76,96,5.95,MX,1715304747
191,brisas de zicatela,15.8369,-97.0419,81.12,83,0,5.75,MX,1715305009
192,necochea,-38.5473,-58.7368,47.53,58,75,9.62,AR,1715304745
193,antsiranana,-12.2787,49.2917,75.72,72,63,15.01,MG,1715305010
194,christchurch,-43.5333,172.6333,59.54,46,75,14.97,NZ,1715304997
195,port lincoln,-34.7333,135.8667,61.38,67,0,8.52,AU,1715305010
196,tucumcari,35.1717,-103.725,66.04,26,100,19.57,US,1715304799
197,tlahualilo de zaragoza,26.1167,-103.45,92.79,7,39,14.12,MX,1715305011
198,klyuchi,52.2667,79.1667,68.11,42,100,9.53,RU,1715305011
199,suva,-18.1416,178.4415,80.08,54,20,8.05,FJ,1715305011
200,manhush,47.0558,37.3107,42.53,100,7,9.62,UA,1715305011
201,zhezqazghan,47.7833,67.7667,50.58,87,75,8.95,KZ,1715305012
202,dawei,14.0833,98.2,88.79,60,40,3.69,MM,1715305012
203,papao,-17.75,-149.55,85.68,69,5,6.4,PF,1715305012
204,hastings,50.8552,0.5729,56.25,80,100,7.7,GB,1715305013
205,kenai,60.5544,-151.2583,41.14,78,75,9.22,US,1715305013
206,isiro,2.7739,27.616,68.22,99,100,2.53,CD,1715305013
207,piton saint-leu,-21.2196,55.3151,71.71,73,40,13.8,RE,1715305013
208,tuburan,6.6439,122.2736,86.09,69,37,3.89,PH,1715305013
209,talnakh,69.4865,88.3972,13.21,79,5,3.56,RU,1715305014
210,tual,-5.6667,132.75,82.44,80,28,13.58,ID,1715305014
211,sungai raya,0.7,108.9,86.79,67,16,1.86,ID,1715305014
212,gaspe,48.8334,-64.4819,41.22,70,75,2.3,CA,1715305014
213,copala,16.65,-98.9833,77.99,70,100,4.52,MX,1715305015
214,bratsk,56.1325,101.6142,43.29,59,12,7.07,RU,1715305015
215,santo antonio do ica,-3.1022,-67.9397,76.15,94,94,1.79,BR,1715305015
216,longquan,24.6719,102.1613,69.37,71,90,7.2,CN,1715305016
217,salida,37.7058,-121.0849,84.78,21,0,0.0,US,1715305016
218,nelson bay,-32.7167,152.15,69.01,88,100,1.01,AU,1715305016
219,gadzhiyevo,69.2551,33.3362,29.93,85,100,12.15,RU,1715305016
220,el alto,-4.2714,-81.2147,67.66,81,98,12.95,PE,1715305016
221,kalabo,-14.97,22.6814,58.84,47,31,6.35,ZM,1715305017
222,fernandopolis,-20.2839,-50.2464,69.94,51,5,6.38,BR,1715304861
223,saint-joseph,-21.3667,55.6167,73.78,71,52,13.78,RE,1715305017
224,santa terezinha,-29.9002,-50.0904,60.76,67,92,3.49,BR,1715305017
225,arrifes,37.7667,-25.7,57.45,82,20,4.61,PT,1715305018
226,port saint john's,-31.6229,29.5448,69.04,60,5,4.21,ZA,1715304859
227,vilyuchinsk,52.9306,158.4028,50.27,64,14,9.98,RU,1715305018
228,baiti,13.745,-14.7482,81.32,61,13,15.39,SN,1715305019
229,vodnyy,63.5046,53.4095,23.41,93,68,6.31,RU,1715305019
230,great bend,38.3645,-98.7648,66.33,45,0,11.5,US,1715304665
231,rio grande,-32.035,-52.0986,53.71,70,99,5.41,BR,1715304851
232,labrador city,52.9463,-66.9114,37.31,52,0,3.44,CA,1715305020
233,banjar,-8.19,114.9675,86.83,63,66,2.71,ID,1715305021
234,petropavlovsk-kamchatsky,53.0452,158.6483,48.79,66,75,17.9,RU,1715305021
235,commercy,48.75,5.5,52.5,90,3,5.84,FR,1715305021
236,fortuna,40.5982,-124.1573,70.72,43,0,11.5,US,1715304933
237,mcpherson,38.3708,-97.6642,69.89,49,3,9.51,US,1715305021
238,kerikeri,-35.2268,173.9474,65.91,51,1,11.99,NZ,1715305022
239,extremoz,-5.7056,-35.3072,77.45,88,75,5.75,BR,1715305022
240,st. john's,47.5649,-52.7093,39.15,89,75,4.61,CA,1715304939
241,jiexiu,37.0244,111.9125,77.38,46,86,10.02,CN,1715305023
242,walvis bay,-22.9575,14.5053,59.95,82,36,4.61,,1715305023
243,salym,60.0625,71.4789,40.51,71,32,11.92,RU,1715305023
244,tahoua,14.8888,5.2692,89.26,34,9,8.81,NE,1715305024
245,akureyri,65.6835,-18.0878,39.13,65,0,3.44,IS,1715305024
246,glace bay,46.1969,-59.957,38.98,97,100,11.5,CA,1715305024
247,cao bang,22.6667,106.25,79.81,79,94,5.48,VN,1715305024
248,mount pearl,47.5166,-52.7813,38.32,89,75,4.61,CA,1715305026
249,yemetsk,63.4721,41.7941,26.87,93,100,10.07,RU,1715305026
250,stanley,54.868,-1.6985,51.78,92,0,3.44,GB,1715305026
251,rio verde de mato grosso,-18.9181,-54.8442,76.19,54,11,3.6,BR,1715305026
252,arkhara,49.4212,130.0842,51.76,31,100,5.99,RU,1715305027
253,kailua-kona,19.6406,-155.9956,84.16,77,40,16.11,US,1715305009
254,fort abbas,29.1925,72.8536,95.13,16,9,11.23,PK,1715305027
255,adis zemen,12.1167,37.7833,70.63,42,100,5.32,ET,1715305027
256,lihue,21.9789,-159.3672,78.46,67,20,8.05,US,1715305028
257,haflong,25.1833,93.0333,65.46,99,100,2.37,IN,1715305028
258,sinabang,2.4803,96.3801,83.48,82,100,4.14,ID,1715305028
259,saldanha,-33.0117,17.9442,46.45,91,28,12.77,ZA,1715305028
260,xilin hot,43.9667,116.0333,61.63,27,100,20.33,CN,1715305029
261,zahedan,29.4963,60.8629,62.51,63,100,11.5,IR,1715305029
262,antonio enes,-16.2325,39.9086,73.62,83,5,5.68,MZ,1715305029
263,belleville,44.1788,-77.3705,55.26,72,75,0.0,CA,1715304962
264,east london,-33.0153,27.9116,67.24,86,35,4.97,ZA,1715305030
265,onguday,50.75,86.15,61.65,44,50,4.32,RU,1715305030
266,bazarak,35.3129,69.5152,51.37,83,100,9.62,AF,1715305030
267,cooma,-36.2333,149.1333,51.84,77,100,5.91,AU,1715305031
268,latnaya,51.6586,38.9011,32.32,64,0,6.55,RU,1715305031
269,aqaba,29.5267,35.0078,78.66,19,0,0.0,JO,1715305032
270,kandi,11.1342,2.9386,86.56,47,85,6.29,BJ,1715305032
271,kani keli,-12.9536,45.1033,81.66,69,0,20.65,YT,1715305033
272,coulounieix,45.1529,0.6885,49.86,79,22,5.48,FR,1715305033
273,namibe,-15.1961,12.1522,72.3,72,2,8.43,AO,1715305033
274,kitaibaraki,36.7833,140.75,70.25,56,2,1.01,JP,1715305033
275,vila velha,-20.3297,-40.2925,78.75,94,20,4.61,BR,1715304937
276,enewetak,11.3474,162.3373,81.63,75,100,19.44,MH,1715305034
277,severo-yeniseyskiy,60.3725,93.0408,36.57,89,100,4.0,RU,1715305034
278,cidade velha,14.9167,-23.6167,75.67,60,0,12.66,CV,1715305035
279,usogorsk,63.4106,48.6872,27.66,96,94,2.26,RU,1715305035
280,okha,53.5739,142.9478,38.25,93,100,5.99,RU,1715305035
281,marat,25.0701,45.4615,74.16,23,4,8.97,SA,1715305035
282,as sulayyil,20.4607,45.5779,82.65,27,53,13.89,SA,1715305036
283,usinsk,65.9939,57.5281,30.07,97,100,3.0,RU,1715305036
284,kavieng,-2.5744,150.7967,83.25,77,79,5.5,PG,1715305036
285,villa rica,33.7321,-84.9191,71.38,96,1,1.01,US,1715305036
286,ende,-8.8432,121.6623,83.52,67,15,5.39,ID,1715305037
287,mar del plata,-38.0023,-57.5575,51.87,64,0,5.01,AR,1715304788
288,anse royale,-4.7333,55.5167,79.38,89,40,3.44,SC,1715305037
289,vizinga,61.0749,50.1031,26.92,89,99,6.69,RU,1715305037
290,bolivar,37.6145,-93.4105,68.76,85,0,7.05,US,1715305038
291,lospalos,-8.5186,127.0025,79.18,79,27,11.1,TL,1715305038
292,forest lake,45.2789,-92.9852,62.64,75,0,5.23,US,1715305039
293,abadiania,-16.2042,-48.7069,68.92,74,0,2.73,BR,1715305039
294,isla mujeres,21.2311,-86.731,84.25,88,15,13.89,MX,1715305039
295,sturgis,41.7992,-85.4192,52.07,94,100,3.44,US,1715304782
296,quellon,-43.1167,-73.6167,42.37,89,15,5.28,CL,1715305040
297,chulakkurgan,43.765,69.1814,60.4,65,100,5.86,KZ,1715305041
298,san patricio,28.017,-97.5169,84.92,81,0,11.56,US,1715305041
299,mildura,-34.2,142.15,65.07,71,11,7.23,AU,1715305041
300,mantua,45.1667,10.7833,65.44,78,100,1.01,IT,1715305042
301,canto do buriti,-8.11,-42.9444,78.6,62,100,3.24,BR,1715305042
302,lompoc,34.6391,-120.4579,66.09,71,0,9.22,US,1715304711
303,xichang,27.8964,102.2634,69.62,63,57,6.4,CN,1715305042
304,mahad,18.0833,73.4167,81.14,80,0,0.72,IN,1715305043
305,tocoa,15.6833,-86.0,83.61,78,100,4.34,HN,1715304779
306,udachny,66.4167,112.4,15.44,94,100,11.81,RU,1715305044
307,klin,56.3333,36.7333,31.8,67,17,7.7,RU,1715305044
308,itoman,26.1247,127.6694,77.77,56,75,11.5,JP,1715305044
309,zeya,53.75,127.2667,52.48,32,98,2.51,RU,1715305045
310,prince rupert,54.3161,-130.3201,53.69,80,75,10.36,CA,1715305045
311,tessaoua,13.7574,7.9874,86.63,30,40,7.87,NE,1715305045
312,pavlodar,52.3,76.95,64.2,72,75,17.9,KZ,1715304951
313,santa ana de yacuma,-13.75,-65.4333,77.41,84,56,5.08,BO,1715305046
314,plouzane,48.3833,-4.6167,55.45,82,0,10.36,FR,1715305046
315,liwale,-9.7667,37.9333,65.23,98,13,4.9,TZ,1715305046
316,miri,4.4148,114.0089,89.74,70,20,3.44,MY,1715305046
317,kudat,6.8837,116.8477,87.73,74,20,6.91,MY,1715305046
318,kolokani,13.5728,-8.0339,87.76,36,24,6.33,ML,1715305047
319,bargaal,11.2864,51.0773,82.44,82,66,7.02,SO,1715305047
320,dunedin,-45.8742,170.5036,46.8,94,78,8.01,NZ,1715305047
321,thunder bay,48.4001,-89.3168,49.98,50,20,4.61,CA,1715304620
322,cacu,-18.5567,-51.1308,69.42,57,5,3.42,BR,1715304940
323,paracuru,-3.41,-39.0306,83.1,88,100,7.65,BR,1715305048
324,soe,-9.8607,124.284,77.95,57,6,6.24,ID,1715305048
325,mana,5.6592,-53.7767,78.46,89,100,11.56,GF,1715305048
326,rongelap,11.1635,166.8941,81.1,81,48,18.21,MH,1715305049
327,lagos,6.5833,3.75,82.72,84,100,5.86,NG,1715304902
328,minas de marcona,-15.2119,-75.1103,55.99,85,78,12.86,PE,1715305049
329,nizhnyaya poyma,56.1622,97.1933,47.64,54,93,3.65,RU,1715305049
330,badger,64.8,-147.5333,55.31,43,75,11.5,US,1715305050
331,begusarai,25.4167,86.1333,82.17,63,8,10.16,IN,1715305050
332,neelankarai,12.9455,80.2575,87.08,83,40,5.75,IN,1715305050
333,plettenberg bay,-34.0527,23.3716,54.9,89,0,3.2,ZA,1715305051
334,cles,46.3667,11.0333,55.49,75,56,2.15,IT,1715305051
335,assab,13.0092,42.7394,86.61,72,7,12.84,ER,1715305051
336,bako,5.7833,36.5667,63.03,91,100,3.96,ET,1715305051
337,schelklingen,48.3758,9.7327,45.91,93,17,3.85,DE,1715305052
338,lib,8.3122,167.3766,81.97,84,100,18.75,MH,1715305052
339,hammerfest,70.6634,23.6821,34.25,93,100,4.61,NO,1715305052
340,tagiura,32.8817,13.3506,63.95,77,12,13.87,LY,1715305052
341,berriane,32.8265,3.7669,65.21,28,57,1.1,DZ,1715305053
342,yakeshi,49.2833,120.7333,47.35,74,100,18.16,CN,1715305053
343,murovani kurylivtsi,48.7235,27.5189,47.8,70,61,4.32,UA,1715305053
344,luderitz,-26.6481,15.1594,55.33,85,0,15.66,,1715305053
345,gifford,27.6753,-80.4092,83.05,81,0,9.22,US,1715305054
346,quatre cocos,-20.2078,57.7625,75.31,75,91,20.24,MU,1715305054
347,sambava,-14.2667,50.1667,74.84,78,70,11.54,MG,1715305055
348,hoemul-li,41.4339,129.67,58.51,67,100,4.47,KP,1715305055
349,chelsea,51.4875,-0.1694,57.33,86,100,3.44,GB,1715305055
350,belmonte,-15.8631,-38.8828,77.0,83,3,4.05,BR,1715305055
351,midvagur,62.0511,-7.1939,45.43,100,100,13.8,FO,1715305056
352,gobabis,-22.45,18.9667,62.62,34,0,11.43,,1715305056
353,kalmunai,7.4167,81.8167,81.88,81,100,4.36,LK,1715305057
354,ponta delgada,37.7333,-25.6667,59.72,82,20,4.61,PT,1715305057
355,peace river,56.2501,-117.286,75.51,23,75,14.97,CA,1715304889
356,bengkulu,-3.8004,102.2655,83.8,71,24,2.3,ID,1715305058
357,kayangel,8.0823,134.7173,82.11,78,100,3.6,PW,1715305058
358,ankang,32.68,109.0172,75.96,66,33,2.68,CN,1715305058
359,novaya igirma,57.1334,103.9112,43.47,56,12,6.17,RU,1715305058
360,prainha,-1.8,-53.48,76.06,96,100,3.04,BR,1715305059
361,bairnsdale,-37.8333,147.6167,66.06,73,71,1.99,AU,1715305032
362,xining,36.6167,101.7667,52.97,63,100,12.53,CN,1715305059
363,luebo,-5.35,21.4167,70.2,98,100,1.43,CD,1715305060
364,luau,-10.7073,22.2247,60.78,60,100,3.36,AO,1715305060
365,san luis de la loma,17.2706,-100.8939,77.32,77,100,6.17,MX,1715305060
366,eyl,7.9803,49.8164,82.89,82,68,3.87,SO,1715305060
367,galesong,-5.3166,119.3661,86.02,75,77,1.97,ID,1715305061
368,malango,-2.9627,119.9001,80.42,62,8,4.07,ID,1715305061
369,victorica,-36.2151,-65.4359,47.8,49,2,9.66,AR,1715305061
370,kapa'a,22.0752,-159.319,79.2,74,20,8.05,US,1715305061
371,balqash,46.8481,74.995,70.39,49,0,20.13,KZ,1715305062
372,mount gambier,-37.8333,140.7667,60.57,66,87,4.27,AU,1715305062
373,zaragoza,41.6561,-0.8773,67.48,56,0,5.75,ES,1715305063
374,lamu,-2.2717,40.902,79.14,86,84,16.15,KE,1715305063
375,sisimiut,66.9395,-53.6735,22.69,80,11,7.9,GL,1715305063
376,howard springs,-12.497,131.047,89.82,73,6,11.68,AU,1715305063
377,katsuren-haebaru,26.3369,127.8719,77.77,54,20,11.5,JP,1715305064
378,cookeville,36.1628,-85.5016,70.59,91,0,0.0,US,1715304957
379,holualoa,19.6228,-155.9522,80.44,77,40,16.11,US,1715304911
380,priozersk,61.0393,30.1291,39.09,87,97,5.64,RU,1715305065
381,bartlesville,36.7473,-95.9808,70.11,59,0,0.0,US,1715304769
382,bubaque,11.2833,-15.8333,79.79,79,100,6.42,GW,1715305065
383,lebu,-37.6167,-73.65,47.16,86,0,3.31,CL,1715305065
384,valdivia,-39.8142,-73.2459,48.29,99,80,1.21,CL,1715304946
385,sillod,20.3,75.65,86.25,42,0,4.52,IN,1715305066
386,narasannapeta,18.4167,84.05,85.82,69,56,8.19,IN,1715305066
387,protaras,35.0125,34.0583,72.95,55,93,8.99,CY,1715305066
388,trujillo,-8.116,-79.03,64.36,88,20,12.66,PE,1715304843
389,nurabad,34.0734,47.9725,45.32,57,1,2.71,IR,1715305067
390,retreat,38.8245,-85.8533,67.15,98,10,7.31,US,1715305067
391,amol,36.4696,52.3507,56.23,72,2,3.8,IR,1715305067
392,boca chica,18.4537,-69.6111,81.46,94,40,4.61,DO,1715305068
393,hadibu,12.65,54.0333,82.72,73,72,0.69,YE,1715305068
394,hirakud,21.5167,83.8667,81.14,61,2,2.06,IN,1715305068
395,weno,7.4515,151.8468,87.75,79,100,9.22,FM,1715305068
396,kloulklubed,7.0419,134.2556,77.5,82,94,7.23,PW,1715305068
397,altai,46.3722,96.2583,48.09,26,21,4.59,MN,1715305069
398,ngaoundere,7.3167,13.5833,72.75,66,87,4.38,CM,1715305069
399,cranbrook,49.4999,-115.7688,73.24,18,40,4.61,CA,1715305069
400,leava,-14.3,-178.1667,81.79,67,100,15.37,WF,1715305069
401,sechura,-5.5569,-80.8222,71.65,73,100,18.66,PE,1715305070
402,colby,39.3958,-101.0524,60.85,48,0,9.22,US,1715304920
403,santiago de cao,-7.9589,-79.2392,64.53,88,20,12.66,PE,1715305070
404,peniche,39.3558,-9.3811,62.29,95,100,4.9,PT,1715305070
405,jining,35.405,116.5814,81.86,33,5,16.82,CN,1715305071
406,balcarce,-37.8462,-58.2552,49.39,71,100,1.99,AR,1715304902
407,basco,20.4487,121.9702,79.88,72,95,19.46,PH,1715305071
408,concordia,-31.393,-58.0209,53.78,80,100,5.99,AR,1715304813
409,effium,6.6292,8.0593,80.29,85,100,8.39,NG,1715305072
410,vorkuta,67.5,64.0,28.11,74,100,21.0,RU,1715305072
411,chitipa,-9.7024,33.2697,62.82,84,87,5.95,MW,1715305072
412,hami,42.8,93.45,72.36,27,0,10.0,CN,1715305072
413,brookings,44.3114,-96.7984,62.94,51,0,4.61,US,1715305072
414,ibirite,-20.0219,-44.0589,71.11,71,5,3.24,BR,1715305073
415,hilo,19.7297,-155.09,78.53,81,75,11.5,US,1715305009
416,mawu,29.5923,107.3139,64.8,90,100,2.66,CN,1715305073
417,kurumkan,54.3,110.3,42.13,74,100,10.0,RU,1715305073
418,machico,32.7,-16.7667,68.63,79,40,5.75,PT,1715305074
419,guiuan,11.0333,125.7247,83.82,72,29,8.34,PH,1715305074
420,nurota,40.5614,65.6886,61.18,87,100,14.94,UZ,1715305074
421,nova sintra,14.8667,-24.7167,74.8,78,9,23.0,CV,1715305075
422,floro,61.5996,5.0328,43.23,87,100,3.44,NO,1715305075
423,yaring,6.8662,101.3689,85.28,75,100,6.31,TH,1715305075
424,mugia,43.1041,-9.2179,56.91,76,60,6.4,ES,1715305075
425,xai-xai,-25.0519,33.6442,63.21,95,10,6.73,MZ,1715305075
426,tubarjal,30.4999,38.216,71.33,19,0,8.97,SA,1715305076
427,ribeira brava,32.65,-17.0667,68.63,76,16,0.63,PT,1715305076
428,rawson,-43.3002,-65.1023,48.65,62,0,2.24,AR,1715305076
429,alofi,-19.0595,-169.9187,80.49,74,75,6.91,NU,1715305076
430,ingeniero jacobacci,-41.3427,-69.5448,35.82,78,2,10.6,AR,1715305077
431,ji'an,27.1172,114.9793,76.24,74,79,8.68,CN,1715305077
432,camden,39.7835,-74.9663,61.7,86,100,7.72,US,1715304987
433,coquimbo,-29.9533,-71.3436,56.93,82,100,4.61,CL,1715305078
434,sabang,5.8933,95.3214,84.2,72,23,1.83,ID,1715305078
435,xianyang,34.3378,108.7026,76.24,53,0,4.47,CN,1715305078
436,ola,59.5833,151.2833,39.15,79,42,5.08,RU,1715305079
437,narrabri,-30.3167,149.7833,74.52,55,100,1.99,AU,1715305079
438,karyes,37.3,22.5,53.26,91,100,7.54,GR,1715305079
439,magistral'nyy,56.1725,107.4458,37.36,80,75,13.56,RU,1715305079
440,spanish wells,26.323,-81.7957,80.98,52,1,8.46,US,1715305080
441,kismayo,-0.3582,42.5454,78.67,86,35,10.13,SO,1715305080
442,ust'-ilimsk,58.0006,102.6619,40.44,67,14,4.0,RU,1715305080
443,kidal,18.4411,1.4078,88.92,7,2,11.7,ML,1715305081
444,matoury,4.8483,-52.3317,76.96,100,75,2.3,GF,1715305081
445,baihe,22.15,107.2333,81.39,75,88,3.09,CN,1715305081
446,torghay,49.6339,63.4981,47.97,53,94,10.0,KZ,1715305081
447,ibshaway,29.358,30.6814,77.79,12,0,9.26,EG,1715305081
448,daira din panah,30.5702,70.9361,93.88,19,0,15.05,PK,1715305082
449,yung shue wan,22.2333,114.1167,79.34,74,71,1.99,HK,1715305082
450,dukku,10.8231,10.7717,83.91,53,98,8.12,NG,1715305082
451,kristinestad,62.2743,21.376,39.09,87,95,17.47,FI,1715305082
452,khandyga,62.6667,135.6,37.72,73,100,3.13,RU,1715305083
453,saudarkrokur,65.7461,-19.6394,40.46,60,97,1.25,IS,1715305083
454,angra dos reis,-23.0067,-44.3181,73.87,84,19,3.47,BR,1715304968
455,chos malal,-37.3781,-70.2709,44.58,49,100,4.76,AR,1715305083
456,makurazaki,31.2667,130.3167,66.67,61,60,10.04,JP,1715305084
457,wewak,-3.5534,143.6268,82.42,84,72,5.75,PG,1715305084
458,axim,4.8699,-2.2405,81.86,84,100,6.31,GH,1715305084
459,laojunmiao,39.8333,97.7333,54.41,32,100,8.21,CN,1715305085
460,san andres,12.5847,-81.7006,86.02,79,20,8.05,CO,1715305085
461,ostersund,63.1792,14.6357,34.25,86,19,19.57,SE,1715305041
462,tadine,-21.55,167.8833,74.21,62,82,16.51,NC,1715305085
463,hell-ville,-13.4,48.2667,77.86,71,8,5.93,MG,1715305086
464,annaba,36.9,7.7667,53.56,94,20,3.44,DZ,1715305086
465,bambari,5.768,20.6757,74.26,84,82,2.08,CF,1715305086
466,gizo,-8.103,156.8419,81.86,82,82,12.8,SB,1715305086
467,zemio,5.0314,25.1361,71.13,96,76,2.71,CF,1715305087
468,san clemente del tuyu,-36.3569,-56.7235,47.98,54,2,6.26,AR,1715305087
469,fonte boa,-2.4959,-66.2662,76.17,95,99,2.59,BR,1715305087
470,cabo san lucas,22.8909,-109.9124,82.71,44,0,5.75,MX,1715305087
471,port macquarie,-31.4333,152.9167,71.89,63,100,6.26,AU,1715305088
472,la passe,45.5549,-0.8967,56.41,92,29,10.18,FR,1715305088
473,tshikapa,-6.4167,20.8,74.53,74,70,2.13,CD,1715305088
474,bambanglipuro,-7.95,110.2833,83.5,75,18,4.68,ID,1715305088
475,williams lake,52.1415,-122.1445,72.97,23,40,3.44,CA,1715304863
476,ashland,40.8167,-82.2665,52.2,96,100,14.09,US,1715305008
477,sandnessjoen,66.0217,12.6316,36.12,67,98,20.6,NO,1715305089
478,the pas,53.8251,-101.2541,55.42,54,75,14.97,CA,1715305089
479,quang ngai,15.1167,108.8,92.55,46,100,3.78,VN,1715305090
480,slave lake,55.2834,-114.769,60.78,44,0,10.36,CA,1715304982
481,timbuktu,16.7735,-3.0074,89.47,7,0,8.01,ML,1715305090
482,fuqing,25.725,119.3794,69.57,68,98,6.73,CN,1715305090
483,hafar al-batin,28.4328,45.9708,72.18,24,0,4.61,SA,1715305090
484,cockburn town,21.4612,-71.1419,78.26,78,0,13.76,TC,1715304833
485,adrar,20.5022,-10.0711,87.15,9,99,7.85,MR,1715305091
486,shalqar,47.8333,59.6,48.34,49,7,5.82,KZ,1715305091
487,pitkyaranta,61.5734,31.4792,34.52,67,88,2.86,RU,1715305091
488,margate,51.3813,1.3862,51.69,89,84,4.45,GB,1715304513
489,ribeirao bonito,-22.0667,-48.1761,67.95,53,10,3.94,BR,1715305092
490,keetmanshoop,-26.5833,18.1333,74.32,40,37,11.5,,1715305092
491,leduc,53.2668,-113.552,73.26,21,20,11.5,CA,1715304999
492,vangviang,18.9333,102.45,77.81,74,92,2.42,LA,1715305093
493,contai,21.7786,87.7536,85.37,63,4,7.61,IN,1715305093
494,auki,-8.7676,160.7034,82.35,85,100,3.69,SB,1715305093
495,miles city,46.4083,-105.8406,63.57,55,0,16.11,US,1715304800
496,gordonvale,-17.0936,145.7842,82.9,97,100,5.08,AU,1715305094
497,stawell,-37.05,142.7667,61.52,67,80,5.35,AU,1715305094
498,shakiso,5.75,38.9167,61.11,97,100,1.5,ET,1715305094
499,ritchie,-29.038,24.6028,65.41,34,10,11.99,ZA,1715305095
500,olinda,-8.0089,-34.8553,78.53,89,75,6.91,BR,1715305095
501,bayanhongor,46.7167,100.1167,41.7,17,0,7.85,MN,1715305095
502,jumla,29.2747,82.1838,54.54,73,95,2.8,NP,1715305096
503,sinop,41.7711,34.8709,48.7,86,100,1.97,TR,1715304633
504,amstetten,48.1229,14.8721,48.79,83,12,0.54,AT,1715305096
505,wotho,10.1657,166.0102,81.45,77,90,17.02,MH,1715305096
506,chingola,-12.529,27.8838,58.5,68,85,4.88,ZM,1715305097
507,gillette,44.2911,-105.5022,52.72,77,100,15.99,US,1715305097
508,baukau,51.5526,7.2042,55.49,87,12,1.1,DE,1715305097
509,lata,40.1629,-8.3327,60.08,68,37,0.47,PT,1715305097
510,tongchuan,35.0806,109.0897,72.14,55,100,6.46,CN,1715305097
511,guerrero negro,27.9769,-114.0611,62.01,72,54,16.51,MX,1715305098
512,saipan,15.1355,145.701,92.1,62,40,16.11,MP,1715305098
513,juan griego,11.0817,-63.9655,80.49,84,100,10.27,VE,1715305098
514,kasli,55.8909,60.7616,32.49,69,100,6.35,RU,1715305098
515,hafnarfjordur,64.0671,-21.9377,44.98,70,0,9.22,IS,1715305099
516,flying fish cove,-10.4217,105.6791,82.08,78,100,14.97,CX,1715305099
517,bom jesus do galho,-19.8289,-42.3161,64.99,86,37,3.09,BR,1715305099
518,mitu,1.1983,-70.1733,74.25,98,100,2.17,CO,1715305099
519,bargi,22.9833,79.8667,83.17,46,0,15.3,IN,1715305100
520,jimenez,28.3333,-105.4,81.68,7,3,10.04,MX,1715305065
521,meadow lake,34.8014,-106.5436,72.88,15,49,12.86,US,1715305100
522,san salvador,13.6894,-89.1872,78.87,100,61,3.0,SV,1715305000
523,pont rouge,48.8833,-72.0825,43.09,68,5,4.27,CA,1715305101
524,molde,62.7375,7.1591,38.71,87,40,8.05,NO,1715305101
525,troitsko-pechorsk,62.7084,56.1964,22.69,96,96,5.01,RU,1715305101
526,tutoia,-2.7619,-42.2744,79.61,89,100,7.25,BR,1715305101
527,palopo,-2.9996,120.1921,84.51,66,64,3.91,ID,1715305102
528,santa helena,-2.2311,-45.3,75.25,97,100,2.46,BR,1715305102
529,nova vicosa,-17.8919,-39.3719,77.68,84,0,6.22,BR,1715305102
530,muisne,0.6,-80.0333,79.09,86,97,1.25,EC,1715305102
531,kashgar,39.4547,75.9797,76.21,20,40,4.47,CN,1715305103
532,jinchang,38.4953,102.1739,55.08,65,100,18.34,CN,1715305103
533,masterton,-40.9597,175.6575,52.88,50,40,10.0,NZ,1715305103
534,petawawa,45.9001,-77.3328,53.19,58,100,3.44,CA,1715305025
535,tura,25.5198,90.2201,78.73,63,89,2.77,IN,1715305104
536,mamfe,5.754,9.3123,78.17,92,100,2.51,CM,1715305104
537,kavaratti,10.5669,72.642,85.73,69,100,10.27,IN,1715305104
538,lengshuitan,26.4111,111.5956,71.83,82,99,5.48,CN,1715305105
539,ketchikan,55.3422,-131.6461,53.35,87,75,8.05,US,1715305105
540,portland,45.5234,-122.6762,81.19,34,20,13.0,US,1715304519
541,chonchi,-42.6128,-73.8092,43.12,96,19,2.28,CL,1715305105
542,arkhangel'sk,64.5401,40.5433,28.13,86,100,13.42,RU,1715305106
543,gornopravdinsk,60.05,69.9,38.19,67,6,11.12,RU,1715305106
544,kill devil hills,36.0307,-75.676,77.02,67,0,10.36,US,1715305107
545,kumertau,52.7667,55.7833,31.84,84,6,9.06,RU,1715305107
546,jaguariaiva,-24.2511,-49.7058,63.41,94,15,3.49,BR,1715305107
547,iskateley,67.6803,53.1512,29.01,95,100,25.99,RU,1715305107
548,al jawf,29.5,38.75,72.59,19,0,14.97,SA,1715305108
549,sterling,39.0062,-77.4286,65.55,79,75,6.91,US,1715304826
550,selfoss,63.9331,-20.9971,43.05,61,100,7.45,IS,1715305108
551,ambon,-3.6954,128.1814,86.14,74,40,5.75,ID,1715305108
552,makokou,0.5738,12.8642,72.34,99,97,2.06,GA,1715305108
553,bol,13.4586,14.7147,84.51,54,86,6.85,TD,1715305109
554,ad dabbah,18.05,30.95,78.49,10,4,6.2,SD,1715305109
